location,category,doctor_name,rating,rating_count,experience,consultation_fee,clinic_address,specialization,registration,qualification,phone_number,detail_url
Mumbai,IVF,Not available,Not available,Not available,Not available,Not available,Not available,Not available,Not available,Not available,Not available,https://www.justdial.com/Mumbai/viewid-022PCLR20090327IROQ72702540
Mumbai,IVF,Not available,Not available,Not available,Not available,Not available,Not available,Not available,Not available,Not available,Not available,https://www.justdial.com/Mumbai/viewid-022PXX22.XX22.131014180614.F3A3
Mumbai,IVF,Not available,Not available,Not available,Not available,Not available,Not available,Not available,Not available,Not available,Not available,https://www.justdial.com/Mumbai/viewid-022PXX22.XX22.190820154336.G7F8
Mumbai,IVF,Not available,Not available,Not available,Not available,Not available,Not available,Not available,Not available,Not available,Not available,https://www.justdial.com/Mumbai/viewid-022PXX22.XX22.140430171152.W6Y6
Mumbai,IVF,Not available,Not available,Not available,Not available,Not available,Not available,Not available,Not available,Not available,Not available,https://www.justdial.com/Mumbai/viewid-022PXX22.XX22.170811090344.D9H5
Mumbai,IVF,Not available,Not available,Not available,Not available,Not available,Not available,Not available,Not available,Not available,Not available,https://www.justdial.com/Mumbai/viewid-022PXX22.XX22.140607162035.G7P9
Mumbai,IVF,Not available,Not available,Not available,Not available,Not available,Not available,Not available,Not available,Not available,Not available,https://www.justdial.com/Mumbai/viewid-022PB016096
Mumbai,IVF,Not available,Not available,Not available,Not available,Not available,Not available,Not available,Not available,Not available,Not available,https://www.justdial.com/Mumbai/viewid-022PXX22.XX22.211211124757.Y6W9
Mumbai,IVF,Not available,Not available,Not available,Not available,Not available,Not available,Not available,Not available,Not available,Not available,https://www.justdial.com/Mumbai/viewid-022PXX22.XX22.130721204959.M8Z2
Mumbai,IVF,Not available,Not available,Not available,Not available,Not available,Not available,Not available,Not available,Not available,Not available,https://www.justdial.com/Mumbai/viewid-022PXX22.XX22.140429122551.H1M6
Mumbai,IVF,Not available,Not available,Not available,Not available,Not available,Not available,Not available,Not available,Not available,Not available,https://www.justdial.com/Mumbai/viewid-022PB016651
Mumbai,IVF,Not available,Not available,Not available,Not available,Not available,Not available,Not available,Not available,Not available,Not available,https://www.justdial.com/Mumbai/viewid-022PCLR20090222IROI143278758
Mumbai,IVF,Not available,Not available,Not available,Not available,Not available,Not available,Not available,Not available,Not available,Not available,https://www.justdial.com/Mumbai/viewid-022PXX22.XX22.150727191730.M8G4
Mumbai,IVF,Not available,Not available,Not available,Not available,Not available,Not available,Not available,Not available,Not available,Not available,https://www.justdial.com/Mumbai/viewid-022PXX22.XX22.150810194118.B7Z4
Mumbai,IVF,Not available,Not available,Not available,Not available,Not available,Not available,Not available,Not available,Not available,Not available,https://www.justdial.com/Mumbai/viewid-022PXX22.XX22.141222091839.H8F5
Mumbai,IVF,Not available,Not available,Not available,Not available,Not available,Not available,Not available,Not available,Not available,Not available,https://www.justdial.com/Mumbai/viewid-022PXX22.XX22.151128171202.I5U4
Mumbai,IVF,Not available,Not available,Not available,Not available,Not available,Not available,Not available,Not available,Not available,Not available,https://www.justdial.com/Mumbai/viewid-022PXX22.XX22.200811113816.F8V8
Mumbai,IVF,Not available,Not available,Not available,Not available,Not available,Not available,Not available,Not available,Not available,Not available,https://www.justdial.com/Mumbai/viewid-022PXX22.XX22.201127125933.P5Z1
Mumbai,IVF,Not available,Not available,Not available,Not available,Not available,Not available,Not available,Not available,Not available,Not available,https://www.justdial.com/Mumbai/viewid-022PXX22.XX22.140419184217.H6J7
Mumbai,IVF,Not available,Not available,Not available,Not available,Not available,Not available,Not available,Not available,Not available,Not available,https://www.justdial.com/Mumbai/viewid-022PXX22.XX22.130902121558.W5N7
Mumbai,IVF,Not available,Not available,Not available,Not available,Not available,Not available,Not available,Not available,Not available,Not available,https://www.justdial.com/Mumbai/viewid-022PXX22.XX22.130725094022.U9Y6
Mumbai,IVF,Not available,Not available,Not available,Not available,Not available,Not available,Not available,Not available,Not available,Not available,https://www.justdial.com/Mumbai/viewid-022PXX22.XX22.220330112121.F4M2
Mumbai,IVF,Not available,Not available,Not available,Not available,Not available,Not available,Not available,Not available,Not available,Not available,https://www.justdial.com/Mumbai/viewid-022PXX22.XX22.200306125732.T8S6
Mumbai,IVF,Not available,Not available,Not available,Not available,Not available,Not available,Not available,Not available,Not available,Not available,https://www.justdial.com/Mumbai/viewid-022P1235202429V2Y9D8
Mumbai,IVF,Not available,Not available,Not available,Not available,Not available,Not available,Not available,Not available,Not available,Not available,https://www.justdial.com/Mumbai/viewid-022P6400486
Mumbai,IVF,Not available,Not available,Not available,Not available,Not available,Not available,Not available,Not available,Not available,Not available,https://www.justdial.com/Mumbai/viewid-022PK054974
Mumbai,IVF,Not available,Not available,Not available,Not available,Not available,Not available,Not available,Not available,Not available,Not available,https://www.justdial.com/Mumbai/viewid-022PXX22.XX22.120427115604.S2H7
Mumbai,IVF,Not available,Not available,Not available,Not available,Not available,Not available,Not available,Not available,Not available,Not available,https://www.justdial.com/Mumbai/viewid-022PXX22.XX22.190819103003.N7I5
Mumbai,IVF,Not available,Not available,Not available,Not available,Not available,Not available,Not available,Not available,Not available,Not available,https://www.justdial.com/Mumbai/viewid-022PXX22.XX22.120107130508.L7Z8
Mumbai,IVF,Not available,Not available,Not available,Not available,Not available,Not available,Not available,Not available,Not available,Not available,https://www.justdial.com/Mumbai/viewid-022PXX22.XX22.151127104029.Q9G2
Mumbai,IVF,Not available,Not available,Not available,Not available,Not available,Not available,Not available,Not available,Not available,Not available,https://www.justdial.com/Mumbai/viewid-022PXX22.XX22.140420171412.I7Y1
Mumbai,IVF,Not available,Not available,Not available,Not available,Not available,Not available,Not available,Not available,Not available,Not available,https://www.justdial.com/Mumbai/viewid-022PXX22.XX22.120606161937.G3Z7
Mumbai,IVF,Not available,Not available,Not available,Not available,Not available,Not available,Not available,Not available,Not available,Not available,https://www.justdial.com/Mumbai/viewid-022PXX22.XX22.140422104542.G1G5
Mumbai,IVF,Not available,Not available,Not available,Not available,Not available,Not available,Not available,Not available,Not available,Not available,https://www.justdial.com/Mumbai/viewid-022PXX22.XX22.200704204021.B9B7
Mumbai,IVF,Not available,Not available,Not available,Not available,Not available,Not available,Not available,Not available,Not available,Not available,https://www.justdial.com/Mumbai/viewid-022PXX22.XX22.160108115046.P8T0
Mumbai,IVF,Not available,Not available,Not available,Not available,Not available,Not available,Not available,Not available,Not available,Not available,https://www.justdial.com/Mumbai/viewid-022PXX22.XX22.180906200142.L1I9
Mumbai,IVF,Not available,Not available,Not available,Not available,Not available,Not available,Not available,Not available,Not available,Not available,https://www.justdial.com/Mumbai/viewid-022PXX22.XX22.210903120917.S3M6
Mumbai,IVF,Not available,Not available,Not available,Not available,Not available,Not available,Not available,Not available,Not available,Not available,https://www.justdial.com/Mumbai/viewid-022PXX22.XX22.131221113658.M9G6
Mumbai,IVF,Not available,Not available,Not available,Not available,Not available,Not available,Not available,Not available,Not available,Not available,https://www.justdial.com/Mumbai/viewid-022PXX22.XX22.140419175854.G2T2
Mumbai,IVF,Not available,Not available,Not available,Not available,Not available,Not available,Not available,Not available,Not available,Not available,https://www.justdial.com/Mumbai/viewid-022PXX22.XX22.230804143557.N7C1
Mumbai,IVF,Not available,Not available,Not available,Not available,Not available,Not available,Not available,Not available,Not available,Not available,https://www.justdial.com/Mumbai/viewid-022PXX22.XX22.230204051607.R6W7
Mumbai,IVF,Not available,Not available,Not available,Not available,Not available,Not available,Not available,Not available,Not available,Not available,https://www.justdial.com/Mumbai/viewid-022PXX22.XX22.170124211339.P3D9
Mumbai,IVF,Not available,Not available,Not available,Not available,Not available,Not available,Not available,Not available,Not available,Not available,https://www.justdial.com/Mumbai/viewid-022PXX22.XX22.140419135513.S5Y8
Mumbai,IVF,Not available,Not available,Not available,Not available,Not available,Not available,Not available,Not available,Not available,Not available,https://www.justdial.com/Mumbai/viewid-022PXX22.XX22.131212125307.W5B8
Mumbai,IVF,Not available,Not available,Not available,Not available,Not available,Not available,Not available,Not available,Not available,Not available,https://www.justdial.com/Mumbai/viewid-022PXX22.XX22.140418172615.G2C9
Mumbai,IVF,Not available,Not available,Not available,Not available,Not available,Not available,Not available,Not available,Not available,Not available,https://www.justdial.com/Mumbai/viewid-022PXX22.XX22.180901143852.Q6U1
Mumbai,IVF,Not available,Not available,Not available,Not available,Not available,Not available,Not available,Not available,Not available,Not available,https://www.justdial.com/Mumbai/viewid-022P6400440
Mumbai,IVF,Not available,Not available,Not available,Not available,Not available,Not available,Not available,Not available,Not available,Not available,https://www.justdial.com/Mumbai/viewid-022PXX22.XX22.171124110343.R7U4
Mumbai,IVF,Not available,Not available,Not available,Not available,Not available,Not available,Not available,Not available,Not available,Not available,https://www.justdial.com/Mumbai/viewid-022PXX22.XX22.231205111214.B1E4
Mumbai,IVF,Not available,Not available,Not available,Not available,Not available,Not available,Not available,Not available,Not available,Not available,https://www.justdial.com/Mumbai/viewid-022PK023337
Mumbai,IVF,Not available,Not available,Not available,Not available,Not available,Not available,Not available,Not available,Not available,Not available,https://www.justdial.com/Mumbai/viewid-022PXX22.XX22.220311111641.P8D9
Mumbai,IVF,Not available,Not available,Not available,Not available,Not available,Not available,Not available,Not available,Not available,Not available,https://www.justdial.com/Mumbai/viewid-022PXX22.XX22.170712131039.X2Y7
Mumbai,IVF,Not available,Not available,Not available,Not available,Not available,Not available,Not available,Not available,Not available,Not available,https://www.justdial.com/Mumbai/viewid-022PXX22.XX22.150804182912.V6P1
Mumbai,IVF,Not available,Not available,Not available,Not available,Not available,Not available,Not available,Not available,Not available,Not available,https://www.justdial.com/Mumbai/viewid-022PXX22.XX22.170412123759.W3G1
Mumbai,IVF,Not available,Not available,Not available,Not available,Not available,Not available,Not available,Not available,Not available,Not available,https://www.justdial.com/Mumbai/viewid-022PXX22.XX22.140418182104.F6W8
Mumbai,IVF,Not available,Not available,Not available,Not available,Not available,Not available,Not available,Not available,Not available,Not available,https://www.justdial.com/Mumbai/viewid-022PXX22.XX22.101019155035.P4K5
Mumbai,IVF,Not available,Not available,Not available,Not available,Not available,Not available,Not available,Not available,Not available,Not available,https://www.justdial.com/Mumbai/viewid-022PXX22.XX22.170810173913.P1C1
Mumbai,IVF,Not available,Not available,Not available,Not available,Not available,Not available,Not available,Not available,Not available,Not available,https://www.justdial.com/Mumbai/viewid-022PXX22.XX22.130712210212.Y4N2
Mumbai,IVF,Not available,Not available,Not available,Not available,Not available,Not available,Not available,Not available,Not available,Not available,https://www.justdial.com/Mumbai/viewid-022PAPP20080331IROK5614794
Mumbai,IVF,Not available,Not available,Not available,Not available,Not available,Not available,Not available,Not available,Not available,Not available,https://www.justdial.com/Mumbai/viewid-022PXX22.XX22.150617121904.V7S2
Mumbai,IVF,Not available,Not available,Not available,Not available,Not available,Not available,Not available,Not available,Not available,Not available,https://www.justdial.com/Mumbai/viewid-022PXX22.XX22.140420153445.S9M9
Mumbai,IVF,Not available,Not available,Not available,Not available,Not available,Not available,Not available,Not available,Not available,Not available,https://www.justdial.com/Mumbai/viewid-022PXX22.XX22.110111171008.W3A3
Mumbai,IVF,Not available,Not available,Not available,Not available,Not available,Not available,Not available,Not available,Not available,Not available,https://www.justdial.com/Mumbai/viewid-022PBE08267
Mumbai,IVF,Not available,Not available,Not available,Not available,Not available,Not available,Not available,Not available,Not available,Not available,https://www.justdial.com/Mumbai/viewid-022PXX22.XX22.180614161502.H8W2
Mumbai,IVF,Not available,Not available,Not available,Not available,Not available,Not available,Not available,Not available,Not available,Not available,https://www.justdial.com/Mumbai/viewid-022PXX22.XX22.210830192643.Z5W8
Mumbai,IVF,Not available,Not available,Not available,Not available,Not available,Not available,Not available,Not available,Not available,Not available,https://www.justdial.com/Mumbai/viewid-022PXX22.XX22.120710202744.K8Q9
Mumbai,IVF,Not available,Not available,Not available,Not available,Not available,Not available,Not available,Not available,Not available,Not available,https://www.justdial.com/Mumbai/viewid-022PXX22.XX22.180909140515.I8Z3
Mumbai,IVF,Not available,Not available,Not available,Not available,Not available,Not available,Not available,Not available,Not available,Not available,https://www.justdial.com/Mumbai/viewid-022PXX22.XX22.140419131816.A3V5
Mumbai,IVF,Not available,Not available,Not available,Not available,Not available,Not available,Not available,Not available,Not available,Not available,https://www.justdial.com/Mumbai/viewid-022PXX22.XX22.140418160619.F3W9
Mumbai,IVF,Not available,Not available,Not available,Not available,Not available,Not available,Not available,Not available,Not available,Not available,https://www.justdial.com/Mumbai/viewid-022PXX22.XX22.100917135016.K9H5
Mumbai,IVF,Not available,Not available,Not available,Not available,Not available,Not available,Not available,Not available,Not available,Not available,https://www.justdial.com/Mumbai/viewid-022PXX22.XX22.180901083610.X5K5
Mumbai,IVF,Not available,Not available,Not available,Not available,Not available,Not available,Not available,Not available,Not available,Not available,https://www.justdial.com/Mumbai/viewid-022PXX22.XX22.190816204008.N2E7
Mumbai,IVF,Not available,Not available,Not available,Not available,Not available,Not available,Not available,Not available,Not available,Not available,https://www.justdial.com/Mumbai/viewid-022PXX22.XX22.130529111506.I2M9
Mumbai,IVF,Not available,Not available,Not available,Not available,Not available,Not available,Not available,Not available,Not available,Not available,https://www.justdial.com/Mumbai/viewid-022PXX22.XX22.130208185957.H4K5
Mumbai,IVF,Not available,Not available,Not available,Not available,Not available,Not available,Not available,Not available,Not available,Not available,https://www.justdial.com/Mumbai/viewid-022PGE11415
Mumbai,IVF,Not available,Not available,Not available,Not available,Not available,Not available,Not available,Not available,Not available,Not available,https://www.justdial.com/Mumbai/viewid-022PG020356
Mumbai,IVF,Not available,Not available,Not available,Not available,Not available,Not available,Not available,Not available,Not available,Not available,https://www.justdial.com/Mumbai/viewid-022PXX22.XX22.130831112038.R4U9
Mumbai,IVF,Not available,Not available,Not available,Not available,Not available,Not available,Not available,Not available,Not available,Not available,https://www.justdial.com/Mumbai/viewid-022PXX22.XX22.150804182912.E2S8
Mumbai,IVF,Not available,Not available,Not available,Not available,Not available,Not available,Not available,Not available,Not available,Not available,https://www.justdial.com/Mumbai/viewid-022PXX22.XX22.180502131525.H3H8
Mumbai,IVF,Not available,Not available,Not available,Not available,Not available,Not available,Not available,Not available,Not available,Not available,https://www.justdial.com/Mumbai/viewid-022PXX22.XX22.130426170856.R2Y2
Mumbai,IVF,Not available,Not available,Not available,Not available,Not available,Not available,Not available,Not available,Not available,Not available,https://www.justdial.com/Mumbai/viewid-022PXX22.XX22.140920123838.R6S2
Mumbai,IVF,Not available,Not available,Not available,Not available,Not available,Not available,Not available,Not available,Not available,Not available,https://www.justdial.com/Mumbai/viewid-022PXX22.XX22.231205235026.B3H6
Mumbai,IVF,Not available,Not available,Not available,Not available,Not available,Not available,Not available,Not available,Not available,Not available,https://www.justdial.com/Mumbai/viewid-022PXX22.XX22.140429000751.K2B2
Mumbai,IVF,Not available,Not available,Not available,Not available,Not available,Not available,Not available,Not available,Not available,Not available,https://www.justdial.com/Mumbai/viewid-022PXX22.XX22.230326142305.W6M4
Mumbai,IVF,Not available,Not available,Not available,Not available,Not available,Not available,Not available,Not available,Not available,Not available,https://www.justdial.com/Mumbai/viewid-022PXX22.XX22.160219104505.G5V5
Mumbai,IVF,Not available,Not available,Not available,Not available,Not available,Not available,Not available,Not available,Not available,Not available,https://www.justdial.com/Mumbai/viewid-022PXX22.XX22.170113210157.S3W3
Mumbai,IVF,Not available,Not available,Not available,Not available,Not available,Not available,Not available,Not available,Not available,Not available,https://www.justdial.com/Mumbai/viewid-022PXX22.XX22.130418211515.F3S6
Mumbai,IVF,Not available,Not available,Not available,Not available,Not available,Not available,Not available,Not available,Not available,Not available,https://www.justdial.com/Mumbai/viewid-022PXX22.XX22.170124225606.A9W5
Mumbai,IVF,Not available,Not available,Not available,Not available,Not available,Not available,Not available,Not available,Not available,Not available,https://www.justdial.com/Mumbai/viewid-022PXX22.XX22.180730103535.E8T8
Mumbai,IVF,Not available,Not available,Not available,Not available,Not available,Not available,Not available,Not available,Not available,Not available,https://www.justdial.com/Mumbai/viewid-022PXX22.XX22.190131150910.R7V7
Mumbai,IVF,Not available,Not available,Not available,Not available,Not available,Not available,Not available,Not available,Not available,Not available,https://www.justdial.com/Mumbai/viewid-022PXX22.XX22.140422164145.R6F9
Mumbai,IVF,Not available,Not available,Not available,Not available,Not available,Not available,Not available,Not available,Not available,Not available,https://www.justdial.com/Mumbai/viewid-022PXX22.XX22.170113213331.Z9R3
Mumbai,IVF,Not available,Not available,Not available,Not available,Not available,Not available,Not available,Not available,Not available,Not available,https://www.justdial.com/Mumbai/viewid-022PXX22.XX22.220523115849.A4D1
Mumbai,IVF,Not available,Not available,Not available,Not available,Not available,Not available,Not available,Not available,Not available,Not available,https://www.justdial.com/Mumbai/viewid-022PXX22.XX22.150112173010.U4X2
Mumbai,IVF,Not available,Not available,Not available,Not available,Not available,Not available,Not available,Not available,Not available,Not available,https://www.justdial.com/Mumbai/viewid-022PXX22.XX22.140418194246.Q9I9
Mumbai,IVF,Not available,Not available,Not available,Not available,Not available,Not available,Not available,Not available,Not available,Not available,https://www.justdial.com/Mumbai/viewid-022PXX22.XX22.160108115044.L7P5
Mumbai,IVF,Not available,Not available,Not available,Not available,Not available,Not available,Not available,Not available,Not available,Not available,https://www.justdial.com/Mumbai/viewid-022PXX22.XX22.140417115705.L3S9
Mumbai,IVF,Not available,Not available,Not available,Not available,Not available,Not available,Not available,Not available,Not available,Not available,https://www.justdial.com/Mumbai/viewid-022PXX22.XX22.150727191730.M2V4
Mumbai,IVF,Not available,Not available,Not available,Not available,Not available,Not available,Not available,Not available,Not available,Not available,https://www.justdial.com/Mumbai/viewid-022PXX22.XX22.220203122453.S8I3
Mumbai,IVF,Not available,Not available,Not available,Not available,Not available,Not available,Not available,Not available,Not available,Not available,https://www.justdial.com/Mumbai/viewid-022PXX22.XX22.170813024942.P7A7
Mumbai,IVF,Not available,Not available,Not available,Not available,Not available,Not available,Not available,Not available,Not available,Not available,https://www.justdial.com/Mumbai/viewid-022P6400466
Mumbai,IVF,Not available,Not available,Not available,Not available,Not available,Not available,Not available,Not available,Not available,Not available,https://www.justdial.com/Mumbai/viewid-022PXX22.XX22.140901115749.T9J2
Mumbai,IVF,Not available,Not available,Not available,Not available,Not available,Not available,Not available,Not available,Not available,Not available,https://www.justdial.com/Mumbai/viewid-022PXX22.XX22.140418203253.H3L6
Mumbai,IVF,Not available,Not available,Not available,Not available,Not available,Not available,Not available,Not available,Not available,Not available,https://www.justdial.com/Mumbai/viewid-022PXX22.XX22.150803173434.I0C3
Mumbai,IVF,Not available,Not available,Not available,Not available,Not available,Not available,Not available,Not available,Not available,Not available,https://www.justdial.com/Mumbai/viewid-022PXX22.XX22.140225133957.I9G6
Mumbai,IVF,Not available,Not available,Not available,Not available,Not available,Not available,Not available,Not available,Not available,Not available,https://www.justdial.com/Mumbai/viewid-022PXX22.XX22.220122152243.P8Y9
Mumbai,IVF,Not available,Not available,Not available,Not available,Not available,Not available,Not available,Not available,Not available,Not available,https://www.justdial.com/Mumbai/viewid-022P30910
Mumbai,IVF,Not available,Not available,Not available,Not available,Not available,Not available,Not available,Not available,Not available,Not available,https://www.justdial.com/Mumbai/viewid-022PXX22.XX22.210813203024.N7V4
Mumbai,IVF,Not available,Not available,Not available,Not available,Not available,Not available,Not available,Not available,Not available,Not available,https://www.justdial.com/Mumbai/viewid-022PXX22.XX22.150727191730.W9F1
Mumbai,IVF,Not available,Not available,Not available,Not available,Not available,Not available,Not available,Not available,Not available,Not available,https://www.justdial.com/Mumbai/viewid-022PXX22.XX22.170113224630.J6W4
Mumbai,IVF,Not available,Not available,Not available,Not available,Not available,Not available,Not available,Not available,Not available,Not available,https://www.justdial.com/Mumbai/viewid-022PXX22.XX22.160825231102.X8Z8
Mumbai,IVF,Not available,Not available,Not available,Not available,Not available,Not available,Not available,Not available,Not available,Not available,https://www.justdial.com/Mumbai/viewid-022PXX22.XX22.200719120534.Y4V7
Mumbai,IVF,Not available,Not available,Not available,Not available,Not available,Not available,Not available,Not available,Not available,Not available,https://www.justdial.com/Mumbai/viewid-022PXX22.XX22.230812121745.C9L8
Mumbai,IVF,Not available,Not available,Not available,Not available,Not available,Not available,Not available,Not available,Not available,Not available,https://www.justdial.com/Mumbai/viewid-022PXX22.XX22.150803173434.A9T9
Mumbai,IVF,Not available,Not available,Not available,Not available,Not available,Not available,Not available,Not available,Not available,Not available,https://www.justdial.com/Mumbai/viewid-022PCLR20090326IROQ563304062
Mumbai,IVF,Not available,Not available,Not available,Not available,Not available,Not available,Not available,Not available,Not available,Not available,https://www.justdial.com/Mumbai/viewid-022PXX22.XX22.220319090703.C3S5
Mumbai,IVF,Not available,Not available,Not available,Not available,Not available,Not available,Not available,Not available,Not available,Not available,https://www.justdial.com/Mumbai/viewid-022PXX22.XX22.140418171554.H1K8
Mumbai,IVF,Not available,Not available,Not available,Not available,Not available,Not available,Not available,Not available,Not available,Not available,https://www.justdial.com/Mumbai/viewid-022PXX22.XX22.140918184530.V6J2
Mumbai,IVF,Not available,Not available,Not available,Not available,Not available,Not available,Not available,Not available,Not available,Not available,https://www.justdial.com/Mumbai/viewid-022PXX22.XX22.140419123254.L4H1
Mumbai,IVF,Not available,Not available,Not available,Not available,Not available,Not available,Not available,Not available,Not available,Not available,https://www.justdial.com/Mumbai/viewid-022PXX22.XX22.140422120014.X5X4
Mumbai,IVF,Not available,Not available,Not available,Not available,Not available,Not available,Not available,Not available,Not available,Not available,https://www.justdial.com/Mumbai/viewid-022PXX22.XX22.101014235148.H3Z4
Mumbai,IVF,Not available,Not available,Not available,Not available,Not available,Not available,Not available,Not available,Not available,Not available,https://www.justdial.com/Mumbai/viewid-022PXX22.XX22.200404171141.X7Q8
Mumbai,IVF,Not available,Not available,Not available,Not available,Not available,Not available,Not available,Not available,Not available,Not available,https://www.justdial.com/Mumbai/viewid-022PXX22.XX22.221011194611.U6U3
Mumbai,IVF,Not available,Not available,Not available,Not available,Not available,Not available,Not available,Not available,Not available,Not available,https://www.justdial.com/Mumbai/viewid-022PCLR20090313IROP393237541
Mumbai,IVF,Not available,Not available,Not available,Not available,Not available,Not available,Not available,Not available,Not available,Not available,https://www.justdial.com/Mumbai/viewid-022PXX22.XX22.230803112034.I7S3
Mumbai,IVF,Not available,Not available,Not available,Not available,Not available,Not available,Not available,Not available,Not available,Not available,https://www.justdial.com/Mumbai/viewid-022PXX22.XX22.220421113645.K7Y4
Mumbai,IVF,Not available,Not available,Not available,Not available,Not available,Not available,Not available,Not available,Not available,Not available,https://www.justdial.com/Mumbai/viewid-022PXX22.XX22.180824181814.T6H4
Mumbai,IVF,Not available,Not available,Not available,Not available,Not available,Not available,Not available,Not available,Not available,Not available,https://www.justdial.com/Mumbai/viewid-022PXX22.XX22.150804182912.E6D3
Mumbai,IVF,Not available,Not available,Not available,Not available,Not available,Not available,Not available,Not available,Not available,Not available,https://www.justdial.com/Mumbai/viewid-022PXX22.XX22.160304182525.P3T7
Mumbai,IVF,Not available,Not available,Not available,Not available,Not available,Not available,Not available,Not available,Not available,Not available,https://www.justdial.com/Mumbai/viewid-022PXX22.XX22.090826213816.H3D6
Mumbai,IVF,Not available,Not available,Not available,Not available,Not available,Not available,Not available,Not available,Not available,Not available,https://www.justdial.com/Mumbai/viewid-022PXX22.XX22.170124212550.W9C3
Mumbai,IVF,Not available,Not available,Not available,Not available,Not available,Not available,Not available,Not available,Not available,Not available,https://www.justdial.com/Mumbai/viewid-022PXX22.XX22.160108115046.D8Y2
Mumbai,IVF,Not available,Not available,Not available,Not available,Not available,Not available,Not available,Not available,Not available,Not available,https://www.justdial.com/Mumbai/viewid-022PXX22.XX22.140419124710.D1J4
Mumbai,IVF,Not available,Not available,Not available,Not available,Not available,Not available,Not available,Not available,Not available,Not available,https://www.justdial.com/Mumbai/viewid-022PXX22.XX22.160213210011.D3B7
Mumbai,IVF,Not available,Not available,Not available,Not available,Not available,Not available,Not available,Not available,Not available,Not available,https://www.justdial.com/Mumbai/viewid-022PCLR20081211IROP713219309
Mumbai,IVF,Not available,Not available,Not available,Not available,Not available,Not available,Not available,Not available,Not available,Not available,https://www.justdial.com/Mumbai/viewid-022PXX22.XX22.140421221959.V3Q2
Mumbai,IVF,Not available,Not available,Not available,Not available,Not available,Not available,Not available,Not available,Not available,Not available,https://www.justdial.com/Mumbai/viewid-022PXX22.XX22.140421195647.N7R6
Mumbai,IVF,Not available,Not available,Not available,Not available,Not available,Not available,Not available,Not available,Not available,Not available,https://www.justdial.com/Mumbai/viewid-022PXX22.XX22.150112181900.A4G2
Mumbai,IVF,Not available,Not available,Not available,Not available,Not available,Not available,Not available,Not available,Not available,Not available,https://www.justdial.com/Mumbai/viewid-022PXX22.XX22.000385278779.V2N0
Mumbai,IVF,Not available,Not available,Not available,Not available,Not available,Not available,Not available,Not available,Not available,Not available,https://www.justdial.com/Mumbai/viewid-022PXX22.XX22.190121112354.J7H8
Mumbai,IVF,Not available,Not available,Not available,Not available,Not available,Not available,Not available,Not available,Not available,Not available,https://www.justdial.com/Mumbai/viewid-022PXX22.XX22.201005174916.U7F2
Mumbai,IVF,Not available,Not available,Not available,Not available,Not available,Not available,Not available,Not available,Not available,Not available,https://www.justdial.com/Mumbai/viewid-022PXX22.XX22.190307132515.B7X4
Mumbai,IVF,Not available,Not available,Not available,Not available,Not available,Not available,Not available,Not available,Not available,Not available,https://www.justdial.com/Mumbai/viewid-022P1151965
Mumbai,IVF,Not available,Not available,Not available,Not available,Not available,Not available,Not available,Not available,Not available,Not available,https://www.justdial.com/Mumbai/viewid-022PXX22.XX22.150810194118.G7X4
Mumbai,IVF,Not available,Not available,Not available,Not available,Not available,Not available,Not available,Not available,Not available,Not available,https://www.justdial.com/Mumbai/viewid-022PXX22.XX22.230320124155.X3D9
